<?xml version="1.0" encoding="UTF-8"?>  
<beans xmlns="http://www.springframework.org/schema/beans"
            xmlns:xsi="http://www.w3.org/2001/XMLSchema-instance"
            xmlns:jdbc="http://www.springframework.org/schema/jdbc"
            xsi:schemaLocation="http://www.springframework.org/schema/beans
                                                    http://www.springframework.org/schema/beans/spring-beans-3.0.xsd
                                                    http://www.springframework.org/schema/jdbc
                                                    http://www.springframework.org/schema/jdbc/spring-jdbc.xsd ">
                                                      
 <bean class="org.springframework.context.annotation.CommonAnnotationBeanPostProcessor"/> 
 
<bean id="ds" class="org.springframework.jdbc.datasource.DriverManagerDataSource">  
 <property name="driverClassName" value="org.h2.Driver" />  
 <property name="url" value="jdbc:h2:~/test" />  
 <property name="username" value="sa" />  
 <property name="password" value="" />  
</bean>

<jdbc:initialize-database data-source="ds" ignore-failures="DROPS">
    <jdbc:script location="classpath:createInstrumentDB.sql" />
	<jdbc:script location="classpath:instrumentData.sql" />
</jdbc:initialize-database>


<bean id="jdbcTemplate" class="org.springframework.jdbc.core.JdbcTemplate">  
  <property name="dataSource" ref="ds"></property>  
</bean>     
 

<bean id="instrumentLoader" class="com.proj.portfolio.dao.InstrumentLoaderDAOImpl" depends-on="org.springframework.jdbc.datasource.init.DataSourceInitializer#0">  
 <property name="jdbcTemplate" ref="jdbcTemplate" />   
</bean>  

<bean id="instrumentManager"
       class="com.proj.portfolio.instrument.InstrumentManager"
       factory-method="getInstance" depends-on="instrumentLoader">
  <property name="instrumentLoader" ref="instrumentLoader" />   
</bean>

<bean id="consolePublisher"
       class="com.proj.portfolio.publisher.ConsolePublisher"/>

<bean id="stockPriceGenerator"
       class="com.proj.portfolio.marketdata.StockPriceGenerator"/>

<bean id="optionPriceGenerator"
       class="com.proj.portfolio.marketdata.OptionPriceGenerator"/>
       
<bean id="marketDataProvider"
       class="com.proj.portfolio.marketdata.MarketDataProvider">
  <property name="stockPriceGenerator" ref="stockPriceGenerator"/>
  <property name="optionPriceGenerator" ref="optionPriceGenerator"/>
</bean>       

<bean id="marketDataManager"
       class="com.proj.portfolio.marketdata.MarketDataManager">
   <property name="marketDataProvider" ref="marketDataProvider" />
</bean>            

<bean id="feedProcessor"
       class="com.proj.portfolio.feed.PositionFileFeedProcessor">
   <property name="feedFileName" value="#{ systemProperties['user.dir'] }/src/resources/PositionFile.txt" />
   <property name="delim" value="," />   
</bean>            
<bean id="portfolioManagerService"
       class="com.proj.portfolio.PortfolioManagerService">
   <property name="feedProcessor" ref="feedProcessor" />
   <property name="consolePublisher" ref="consolePublisher" />
   <property name="marketDataManager" ref="marketDataManager" />   
</bean>

<bean name="textFilePrintJob" class="org.springframework.scheduling.quartz.JobDetailFactoryBean">
  <property name="jobClass" value="com.proj.portfolio.publisher.job.TextFilePrinterJob" />
  <property name="jobDataAsMap">
    <map>
      <entry key="outputFilePath" value="#{ systemProperties['user.home'] }/statements" />
      <entry key="outFilename" value="portfolio_statement" />
      <entry key="portfolioManagerService" value-ref="portfolioManagerService" />
    </map>
  </property>
</bean>
<bean id="simpleTrigger" class="org.springframework.scheduling.quartz.SimpleTriggerFactoryBean">
  <!-- see the example of method invoking job above -->
  <property name="jobDetail" ref="textFilePrintJob" />
  <!-- 60 seconds -->
  <property name="startDelay" value="60000" />
  <!-- repeat every  5 minutes  -->
  <property name="repeatInterval" value="300000" />
</bean>
<bean class="org.springframework.scheduling.quartz.SchedulerFactoryBean">
  <property name="triggers">
    <list>      
      <ref bean="simpleTrigger" />
      <ref bean="cronTrigger"/>
    </list>
  </property>
</bean>
<!-- Cron Trigger, run day at 5 PM  -->
<bean id="cronTrigger"
	class="org.springframework.scheduling.quartz.CronTriggerFactoryBean">

	<property name="jobDetail" ref="textFilePrintJob" />
	<property name="cronExpression" value="0 17 * * 1-5 ?" />

</bean>


</beans>  